{"data":957,"parent":"item/generated","textures":{"layer0":"item/leather_horse_armor"},"overrides":[{"predicate":{"custom_model_data":1},"model":"modelengine:capybara/head"},{"predicate":{"custom_model_data":2},"model":"modelengine:capybara/left_wrist"},{"predicate":{"custom_model_data":3},"model":"modelengine:capybara/left_arm"},{"predicate":{"custom_model_data":4},"model":"modelengine:capybara/right_wrist"},{"predicate":{"custom_model_data":5},"model":"modelengine:capybara/right_arm"},{"predicate":{"custom_model_data":6},"model":"modelengine:capybara/upper_body"},{"predicate":{"custom_model_data":7},"model":"modelengine:capybara/left_ankle"},{"predicate":{"custom_model_data":8},"model":"modelengine:capybara/left_leg"},{"predicate":{"custom_model_data":9},"model":"modelengine:capybara/right_ankle"},{"predicate":{"custom_model_data":10},"model":"modelengine:capybara/right_leg"},{"predicate":{"custom_model_data":11},"model":"modelengine:clang_ai/ear_right"},{"predicate":{"custom_model_data":12},"model":"modelengine:clang_ai/ear_left"},{"predicate":{"custom_model_data":13},"model":"modelengine:clang_ai/head"},{"predicate":{"custom_model_data":14},"model":"modelengine:clang_ai/forearm_left"},{"predicate":{"custom_model_data":15},"model":"modelengine:clang_ai/arm_left"},{"predicate":{"custom_model_data":16},"model":"modelengine:clang_ai/forearm_right"},{"predicate":{"custom_model_data":17},"model":"modelengine:clang_ai/arm_right"},{"predicate":{"custom_model_data":18},"model":"modelengine:clang_ai/foot_left"},{"predicate":{"custom_model_data":19},"model":"modelengine:clang_ai/lower_leg_left"},{"predicate":{"custom_model_data":20},"model":"modelengine:clang_ai/leg_left"},{"predicate":{"custom_model_data":21},"model":"modelengine:clang_ai/foot_right"},{"predicate":{"custom_model_data":22},"model":"modelengine:clang_ai/lower_leg_right"},{"predicate":{"custom_model_data":23},"model":"modelengine:clang_ai/leg_right"},{"predicate":{"custom_model_data":24},"model":"modelengine:clang_ai/torso"},{"predicate":{"custom_model_data":25},"model":"modelengine:clang_bot/hammer"},{"predicate":{"custom_model_data":26},"model":"modelengine:clang_bot/forearm_right"},{"predicate":{"custom_model_data":27},"model":"modelengine:clang_bot/arm_right"},{"predicate":{"custom_model_data":28},"model":"modelengine:clang_bot/forearm_left"},{"predicate":{"custom_model_data":29},"model":"modelengine:clang_bot/arm_left"},{"predicate":{"custom_model_data":30},"model":"modelengine:clang_bot/foot_left"},{"predicate":{"custom_model_data":31},"model":"modelengine:clang_bot/leg_lower_left"},{"predicate":{"custom_model_data":32},"model":"modelengine:clang_bot/leg_left"},{"predicate":{"custom_model_data":33},"model":"modelengine:clang_bot/foot_right"},{"predicate":{"custom_model_data":34},"model":"modelengine:clang_bot/leg_lower_right"},{"predicate":{"custom_model_data":35},"model":"modelengine:clang_bot/leg_right"},{"predicate":{"custom_model_data":36},"model":"modelengine:clang_bot/ear_right"},{"predicate":{"custom_model_data":37},"model":"modelengine:clang_bot/ear_left"},{"predicate":{"custom_model_data":38},"model":"modelengine:clang_bot/hoodie"},{"predicate":{"custom_model_data":39},"model":"modelengine:clang_bot/head"},{"predicate":{"custom_model_data":40},"model":"modelengine:clang_bot/torso"},{"predicate":{"custom_model_data":41},"model":"modelengine:clang_bot_hammer/hammer"},{"predicate":{"custom_model_data":42},"model":"modelengine:cyberalien_blue/antenna"},{"predicate":{"custom_model_data":43},"model":"modelengine:cyberalien_blue/antenna2"},{"predicate":{"custom_model_data":44},"model":"modelengine:cyberalien_blue/antenna3"},{"predicate":{"custom_model_data":45},"model":"modelengine:cyberalien_blue/head"},{"predicate":{"custom_model_data":46},"model":"modelengine:cyberalien_blue/r_arm"},{"predicate":{"custom_model_data":47},"model":"modelengine:cyberalien_blue/r_leg"},{"predicate":{"custom_model_data":48},"model":"modelengine:cyberalien_blue/l_arm"},{"predicate":{"custom_model_data":49},"model":"modelengine:cyberalien_blue/l_leg"},{"predicate":{"custom_model_data":50},"model":"modelengine:cyberalien_blue/alien"},{"predicate":{"custom_model_data":51},"model":"modelengine:cyberalien_gold/antenna"},{"predicate":{"custom_model_data":52},"model":"modelengine:cyberalien_gold/antenna2"},{"predicate":{"custom_model_data":53},"model":"modelengine:cyberalien_gold/antenna3"},{"predicate":{"custom_model_data":54},"model":"modelengine:cyberalien_gold/head"},{"predicate":{"custom_model_data":55},"model":"modelengine:cyberalien_gold/r_arm"},{"predicate":{"custom_model_data":56},"model":"modelengine:cyberalien_gold/r_leg"},{"predicate":{"custom_model_data":57},"model":"modelengine:cyberalien_gold/l_arm"},{"predicate":{"custom_model_data":58},"model":"modelengine:cyberalien_gold/l_leg"},{"predicate":{"custom_model_data":59},"model":"modelengine:cyberalien_gold/alien"},{"predicate":{"custom_model_data":60},"model":"modelengine:cyberalien_green/antenna"},{"predicate":{"custom_model_data":61},"model":"modelengine:cyberalien_green/antenna2"},{"predicate":{"custom_model_data":62},"model":"modelengine:cyberalien_green/antenna3"},{"predicate":{"custom_model_data":63},"model":"modelengine:cyberalien_green/head"},{"predicate":{"custom_model_data":64},"model":"modelengine:cyberalien_green/r_arm"},{"predicate":{"custom_model_data":65},"model":"modelengine:cyberalien_green/r_leg"},{"predicate":{"custom_model_data":66},"model":"modelengine:cyberalien_green/l_arm"},{"predicate":{"custom_model_data":67},"model":"modelengine:cyberalien_green/l_leg"},{"predicate":{"custom_model_data":68},"model":"modelengine:cyberalien_green/alien"},{"predicate":{"custom_model_data":69},"model":"modelengine:cyberalien_pink/antenna"},{"predicate":{"custom_model_data":70},"model":"modelengine:cyberalien_pink/antenna2"},{"predicate":{"custom_model_data":71},"model":"modelengine:cyberalien_pink/antenna3"},{"predicate":{"custom_model_data":72},"model":"modelengine:cyberalien_pink/head"},{"predicate":{"custom_model_data":73},"model":"modelengine:cyberalien_pink/r_arm"},{"predicate":{"custom_model_data":74},"model":"modelengine:cyberalien_pink/r_leg"},{"predicate":{"custom_model_data":75},"model":"modelengine:cyberalien_pink/l_arm"},{"predicate":{"custom_model_data":76},"model":"modelengine:cyberalien_pink/l_leg"},{"predicate":{"custom_model_data":77},"model":"modelengine:cyberalien_pink/alien"},{"predicate":{"custom_model_data":78},"model":"modelengine:cyberalien_purple/antenna"},{"predicate":{"custom_model_data":79},"model":"modelengine:cyberalien_purple/antenna2"},{"predicate":{"custom_model_data":80},"model":"modelengine:cyberalien_purple/antenna3"},{"predicate":{"custom_model_data":81},"model":"modelengine:cyberalien_purple/head"},{"predicate":{"custom_model_data":82},"model":"modelengine:cyberalien_purple/r_arm"},{"predicate":{"custom_model_data":83},"model":"modelengine:cyberalien_purple/r_leg"},{"predicate":{"custom_model_data":84},"model":"modelengine:cyberalien_purple/l_arm"},{"predicate":{"custom_model_data":85},"model":"modelengine:cyberalien_purple/l_leg"},{"predicate":{"custom_model_data":86},"model":"modelengine:cyberalien_purple/alien"},{"predicate":{"custom_model_data":87},"model":"modelengine:cyberalien_red/antenna"},{"predicate":{"custom_model_data":88},"model":"modelengine:cyberalien_red/antenna2"},{"predicate":{"custom_model_data":89},"model":"modelengine:cyberalien_red/antenna3"},{"predicate":{"custom_model_data":90},"model":"modelengine:cyberalien_red/head"},{"predicate":{"custom_model_data":91},"model":"modelengine:cyberalien_red/r_arm"},{"predicate":{"custom_model_data":92},"model":"modelengine:cyberalien_red/r_leg"},{"predicate":{"custom_model_data":93},"model":"modelengine:cyberalien_red/l_arm"},{"predicate":{"custom_model_data":94},"model":"modelengine:cyberalien_red/l_leg"},{"predicate":{"custom_model_data":95},"model":"modelengine:cyberalien_red/alien"},{"predicate":{"custom_model_data":96},"model":"modelengine:cyberbird_blue/r_arm"},{"predicate":{"custom_model_data":97},"model":"modelengine:cyberbird_blue/l_arm"},{"predicate":{"custom_model_data":98},"model":"modelengine:cyberbird_blue/tail"},{"predicate":{"custom_model_data":99},"model":"modelengine:cyberbird_blue/l_foot"},{"predicate":{"custom_model_data":100},"model":"modelengine:cyberbird_blue/l_leg"},{"predicate":{"custom_model_data":101},"model":"modelengine:cyberbird_blue/r_foot"},{"predicate":{"custom_model_data":102},"model":"modelengine:cyberbird_blue/r_leg"},{"predicate":{"custom_model_data":103},"model":"modelengine:cyberbird_blue/head"},{"predicate":{"custom_model_data":104},"model":"modelengine:cyberbird_blue/bird"},{"predicate":{"custom_model_data":105},"model":"modelengine:cyberbird_gold/r_arm"},{"predicate":{"custom_model_data":106},"model":"modelengine:cyberbird_gold/l_arm"},{"predicate":{"custom_model_data":107},"model":"modelengine:cyberbird_gold/tail"},{"predicate":{"custom_model_data":108},"model":"modelengine:cyberbird_gold/l_foot"},{"predicate":{"custom_model_data":109},"model":"modelengine:cyberbird_gold/l_leg"},{"predicate":{"custom_model_data":110},"model":"modelengine:cyberbird_gold/r_foot"},{"predicate":{"custom_model_data":111},"model":"modelengine:cyberbird_gold/r_leg"},{"predicate":{"custom_model_data":112},"model":"modelengine:cyberbird_gold/head"},{"predicate":{"custom_model_data":113},"model":"modelengine:cyberbird_gold/bird"},{"predicate":{"custom_model_data":114},"model":"modelengine:cyberbird_green/r_arm"},{"predicate":{"custom_model_data":115},"model":"modelengine:cyberbird_green/l_arm"},{"predicate":{"custom_model_data":116},"model":"modelengine:cyberbird_green/tail"},{"predicate":{"custom_model_data":117},"model":"modelengine:cyberbird_green/l_foot"},{"predicate":{"custom_model_data":118},"model":"modelengine:cyberbird_green/l_leg"},{"predicate":{"custom_model_data":119},"model":"modelengine:cyberbird_green/r_foot"},{"predicate":{"custom_model_data":120},"model":"modelengine:cyberbird_green/r_leg"},{"predicate":{"custom_model_data":121},"model":"modelengine:cyberbird_green/head"},{"predicate":{"custom_model_data":122},"model":"modelengine:cyberbird_green/bird"},{"predicate":{"custom_model_data":123},"model":"modelengine:cyberbird_pink/r_arm"},{"predicate":{"custom_model_data":124},"model":"modelengine:cyberbird_pink/l_arm"},{"predicate":{"custom_model_data":125},"model":"modelengine:cyberbird_pink/tail"},{"predicate":{"custom_model_data":126},"model":"modelengine:cyberbird_pink/l_foot"},{"predicate":{"custom_model_data":127},"model":"modelengine:cyberbird_pink/l_leg"},{"predicate":{"custom_model_data":128},"model":"modelengine:cyberbird_pink/r_foot"},{"predicate":{"custom_model_data":129},"model":"modelengine:cyberbird_pink/r_leg"},{"predicate":{"custom_model_data":130},"model":"modelengine:cyberbird_pink/head"},{"predicate":{"custom_model_data":131},"model":"modelengine:cyberbird_pink/bird"},{"predicate":{"custom_model_data":132},"model":"modelengine:cyberbird_purple/r_arm"},{"predicate":{"custom_model_data":133},"model":"modelengine:cyberbird_purple/l_arm"},{"predicate":{"custom_model_data":134},"model":"modelengine:cyberbird_purple/tail"},{"predicate":{"custom_model_data":135},"model":"modelengine:cyberbird_purple/l_foot"},{"predicate":{"custom_model_data":136},"model":"modelengine:cyberbird_purple/l_leg"},{"predicate":{"custom_model_data":137},"model":"modelengine:cyberbird_purple/r_foot"},{"predicate":{"custom_model_data":138},"model":"modelengine:cyberbird_purple/r_leg"},{"predicate":{"custom_model_data":139},"model":"modelengine:cyberbird_purple/head"},{"predicate":{"custom_model_data":140},"model":"modelengine:cyberbird_purple/bird"},{"predicate":{"custom_model_data":141},"model":"modelengine:cyberbird_red/r_arm"},{"predicate":{"custom_model_data":142},"model":"modelengine:cyberbird_red/l_arm"},{"predicate":{"custom_model_data":143},"model":"modelengine:cyberbird_red/tail"},{"predicate":{"custom_model_data":144},"model":"modelengine:cyberbird_red/l_foot"},{"predicate":{"custom_model_data":145},"model":"modelengine:cyberbird_red/l_leg"},{"predicate":{"custom_model_data":146},"model":"modelengine:cyberbird_red/r_foot"},{"predicate":{"custom_model_data":147},"model":"modelengine:cyberbird_red/r_leg"},{"predicate":{"custom_model_data":148},"model":"modelengine:cyberbird_red/head"},{"predicate":{"custom_model_data":149},"model":"modelengine:cyberbird_red/bird"},{"predicate":{"custom_model_data":150},"model":"modelengine:cybercat_blue/tail3"},{"predicate":{"custom_model_data":151},"model":"modelengine:cybercat_blue/tail2"},{"predicate":{"custom_model_data":152},"model":"modelengine:cybercat_blue/tail"},{"predicate":{"custom_model_data":153},"model":"modelengine:cybercat_blue/mouth_top"},{"predicate":{"custom_model_data":154},"model":"modelengine:cybercat_blue/mouth_bottom"},{"predicate":{"custom_model_data":155},"model":"modelengine:cybercat_blue/ear"},{"predicate":{"custom_model_data":156},"model":"modelengine:cybercat_blue/ear2"},{"predicate":{"custom_model_data":157},"model":"modelengine:cybercat_blue/head"},{"predicate":{"custom_model_data":158},"model":"modelengine:cybercat_blue/foot"},{"predicate":{"custom_model_data":159},"model":"modelengine:cybercat_blue/elbow"},{"predicate":{"custom_model_data":160},"model":"modelengine:cybercat_blue/l_arm"},{"predicate":{"custom_model_data":161},"model":"modelengine:cybercat_blue/foot3"},{"predicate":{"custom_model_data":162},"model":"modelengine:cybercat_blue/elbow2"},{"predicate":{"custom_model_data":163},"model":"modelengine:cybercat_blue/l_leg"},{"predicate":{"custom_model_data":164},"model":"modelengine:cybercat_blue/foot2"},{"predicate":{"custom_model_data":165},"model":"modelengine:cybercat_blue/elbow3"},{"predicate":{"custom_model_data":166},"model":"modelengine:cybercat_blue/r_arm"},{"predicate":{"custom_model_data":167},"model":"modelengine:cybercat_blue/foot4"},{"predicate":{"custom_model_data":168},"model":"modelengine:cybercat_blue/elbow4"},{"predicate":{"custom_model_data":169},"model":"modelengine:cybercat_blue/r_leg"},{"predicate":{"custom_model_data":170},"model":"modelengine:cybercat_blue/cat"},{"predicate":{"custom_model_data":171},"model":"modelengine:cybercat_gold/tail3"},{"predicate":{"custom_model_data":172},"model":"modelengine:cybercat_gold/tail2"},{"predicate":{"custom_model_data":173},"model":"modelengine:cybercat_gold/tail"},{"predicate":{"custom_model_data":174},"model":"modelengine:cybercat_gold/mouth_top"},{"predicate":{"custom_model_data":175},"model":"modelengine:cybercat_gold/mouth_bottom"},{"predicate":{"custom_model_data":176},"model":"modelengine:cybercat_gold/ear"},{"predicate":{"custom_model_data":177},"model":"modelengine:cybercat_gold/ear2"},{"predicate":{"custom_model_data":178},"model":"modelengine:cybercat_gold/head"},{"predicate":{"custom_model_data":179},"model":"modelengine:cybercat_gold/foot"},{"predicate":{"custom_model_data":180},"model":"modelengine:cybercat_gold/elbow"},{"predicate":{"custom_model_data":181},"model":"modelengine:cybercat_gold/l_arm"},{"predicate":{"custom_model_data":182},"model":"modelengine:cybercat_gold/foot3"},{"predicate":{"custom_model_data":183},"model":"modelengine:cybercat_gold/elbow2"},{"predicate":{"custom_model_data":184},"model":"modelengine:cybercat_gold/l_leg"},{"predicate":{"custom_model_data":185},"model":"modelengine:cybercat_gold/foot2"},{"predicate":{"custom_model_data":186},"model":"modelengine:cybercat_gold/elbow3"},{"predicate":{"custom_model_data":187},"model":"modelengine:cybercat_gold/r_arm"},{"predicate":{"custom_model_data":188},"model":"modelengine:cybercat_gold/foot4"},{"predicate":{"custom_model_data":189},"model":"modelengine:cybercat_gold/elbow4"},{"predicate":{"custom_model_data":190},"model":"modelengine:cybercat_gold/r_leg"},{"predicate":{"custom_model_data":191},"model":"modelengine:cybercat_gold/cat"},{"predicate":{"custom_model_data":192},"model":"modelengine:cybercat_green/tail3"},{"predicate":{"custom_model_data":193},"model":"modelengine:cybercat_green/tail2"},{"predicate":{"custom_model_data":194},"model":"modelengine:cybercat_green/tail"},{"predicate":{"custom_model_data":195},"model":"modelengine:cybercat_green/mouth_top"},{"predicate":{"custom_model_data":196},"model":"modelengine:cybercat_green/mouth_bottom"},{"predicate":{"custom_model_data":197},"model":"modelengine:cybercat_green/ear"},{"predicate":{"custom_model_data":198},"model":"modelengine:cybercat_green/ear2"},{"predicate":{"custom_model_data":199},"model":"modelengine:cybercat_green/head"},{"predicate":{"custom_model_data":200},"model":"modelengine:cybercat_green/foot"},{"predicate":{"custom_model_data":201},"model":"modelengine:cybercat_green/elbow"},{"predicate":{"custom_model_data":202},"model":"modelengine:cybercat_green/l_arm"},{"predicate":{"custom_model_data":203},"model":"modelengine:cybercat_green/foot3"},{"predicate":{"custom_model_data":204},"model":"modelengine:cybercat_green/elbow2"},{"predicate":{"custom_model_data":205},"model":"modelengine:cybercat_green/l_leg"},{"predicate":{"custom_model_data":206},"model":"modelengine:cybercat_green/foot2"},{"predicate":{"custom_model_data":207},"model":"modelengine:cybercat_green/elbow3"},{"predicate":{"custom_model_data":208},"model":"modelengine:cybercat_green/r_arm"},{"predicate":{"custom_model_data":209},"model":"modelengine:cybercat_green/foot4"},{"predicate":{"custom_model_data":210},"model":"modelengine:cybercat_green/elbow4"},{"predicate":{"custom_model_data":211},"model":"modelengine:cybercat_green/r_leg"},{"predicate":{"custom_model_data":212},"model":"modelengine:cybercat_green/cat"},{"predicate":{"custom_model_data":213},"model":"modelengine:cybercat_pink/tail3"},{"predicate":{"custom_model_data":214},"model":"modelengine:cybercat_pink/tail2"},{"predicate":{"custom_model_data":215},"model":"modelengine:cybercat_pink/tail"},{"predicate":{"custom_model_data":216},"model":"modelengine:cybercat_pink/mouth_top"},{"predicate":{"custom_model_data":217},"model":"modelengine:cybercat_pink/mouth_bottom"},{"predicate":{"custom_model_data":218},"model":"modelengine:cybercat_pink/ear"},{"predicate":{"custom_model_data":219},"model":"modelengine:cybercat_pink/ear2"},{"predicate":{"custom_model_data":220},"model":"modelengine:cybercat_pink/head"},{"predicate":{"custom_model_data":221},"model":"modelengine:cybercat_pink/foot"},{"predicate":{"custom_model_data":222},"model":"modelengine:cybercat_pink/elbow"},{"predicate":{"custom_model_data":223},"model":"modelengine:cybercat_pink/l_arm"},{"predicate":{"custom_model_data":224},"model":"modelengine:cybercat_pink/foot3"},{"predicate":{"custom_model_data":225},"model":"modelengine:cybercat_pink/elbow2"},{"predicate":{"custom_model_data":226},"model":"modelengine:cybercat_pink/l_leg"},{"predicate":{"custom_model_data":227},"model":"modelengine:cybercat_pink/foot2"},{"predicate":{"custom_model_data":228},"model":"modelengine:cybercat_pink/elbow3"},{"predicate":{"custom_model_data":229},"model":"modelengine:cybercat_pink/r_arm"},{"predicate":{"custom_model_data":230},"model":"modelengine:cybercat_pink/foot4"},{"predicate":{"custom_model_data":231},"model":"modelengine:cybercat_pink/elbow4"},{"predicate":{"custom_model_data":232},"model":"modelengine:cybercat_pink/r_leg"},{"predicate":{"custom_model_data":233},"model":"modelengine:cybercat_pink/cat"},{"predicate":{"custom_model_data":234},"model":"modelengine:cybercat_purple/tail3"},{"predicate":{"custom_model_data":235},"model":"modelengine:cybercat_purple/tail2"},{"predicate":{"custom_model_data":236},"model":"modelengine:cybercat_purple/tail"},{"predicate":{"custom_model_data":237},"model":"modelengine:cybercat_purple/mouth_top"},{"predicate":{"custom_model_data":238},"model":"modelengine:cybercat_purple/mouth_bottom"},{"predicate":{"custom_model_data":239},"model":"modelengine:cybercat_purple/ear"},{"predicate":{"custom_model_data":240},"model":"modelengine:cybercat_purple/ear2"},{"predicate":{"custom_model_data":241},"model":"modelengine:cybercat_purple/head"},{"predicate":{"custom_model_data":242},"model":"modelengine:cybercat_purple/foot"},{"predicate":{"custom_model_data":243},"model":"modelengine:cybercat_purple/elbow"},{"predicate":{"custom_model_data":244},"model":"modelengine:cybercat_purple/l_arm"},{"predicate":{"custom_model_data":245},"model":"modelengine:cybercat_purple/foot3"},{"predicate":{"custom_model_data":246},"model":"modelengine:cybercat_purple/elbow2"},{"predicate":{"custom_model_data":247},"model":"modelengine:cybercat_purple/l_leg"},{"predicate":{"custom_model_data":248},"model":"modelengine:cybercat_purple/foot2"},{"predicate":{"custom_model_data":249},"model":"modelengine:cybercat_purple/elbow3"},{"predicate":{"custom_model_data":250},"model":"modelengine:cybercat_purple/r_arm"},{"predicate":{"custom_model_data":251},"model":"modelengine:cybercat_purple/foot4"},{"predicate":{"custom_model_data":252},"model":"modelengine:cybercat_purple/elbow4"},{"predicate":{"custom_model_data":253},"model":"modelengine:cybercat_purple/r_leg"},{"predicate":{"custom_model_data":254},"model":"modelengine:cybercat_purple/cat"},{"predicate":{"custom_model_data":255},"model":"modelengine:cybercat_red/tail3"},{"predicate":{"custom_model_data":256},"model":"modelengine:cybercat_red/tail2"},{"predicate":{"custom_model_data":257},"model":"modelengine:cybercat_red/tail"},{"predicate":{"custom_model_data":258},"model":"modelengine:cybercat_red/mouth_top"},{"predicate":{"custom_model_data":259},"model":"modelengine:cybercat_red/mouth_bottom"},{"predicate":{"custom_model_data":260},"model":"modelengine:cybercat_red/ear"},{"predicate":{"custom_model_data":261},"model":"modelengine:cybercat_red/ear2"},{"predicate":{"custom_model_data":262},"model":"modelengine:cybercat_red/head"},{"predicate":{"custom_model_data":263},"model":"modelengine:cybercat_red/foot"},{"predicate":{"custom_model_data":264},"model":"modelengine:cybercat_red/elbow"},{"predicate":{"custom_model_data":265},"model":"modelengine:cybercat_red/l_arm"},{"predicate":{"custom_model_data":266},"model":"modelengine:cybercat_red/foot3"},{"predicate":{"custom_model_data":267},"model":"modelengine:cybercat_red/elbow2"},{"predicate":{"custom_model_data":268},"model":"modelengine:cybercat_red/l_leg"},{"predicate":{"custom_model_data":269},"model":"modelengine:cybercat_red/foot2"},{"predicate":{"custom_model_data":270},"model":"modelengine:cybercat_red/elbow3"},{"predicate":{"custom_model_data":271},"model":"modelengine:cybercat_red/r_arm"},{"predicate":{"custom_model_data":272},"model":"modelengine:cybercat_red/foot4"},{"predicate":{"custom_model_data":273},"model":"modelengine:cybercat_red/elbow4"},{"predicate":{"custom_model_data":274},"model":"modelengine:cybercat_red/r_leg"},{"predicate":{"custom_model_data":275},"model":"modelengine:cybercat_red/cat"},{"predicate":{"custom_model_data":276},"model":"modelengine:cyberdog_blue/foot"},{"predicate":{"custom_model_data":277},"model":"modelengine:cyberdog_blue/elbow"},{"predicate":{"custom_model_data":278},"model":"modelengine:cyberdog_blue/l_arm"},{"predicate":{"custom_model_data":279},"model":"modelengine:cyberdog_blue/foot2"},{"predicate":{"custom_model_data":280},"model":"modelengine:cyberdog_blue/elbow2"},{"predicate":{"custom_model_data":281},"model":"modelengine:cyberdog_blue/l_leg"},{"predicate":{"custom_model_data":282},"model":"modelengine:cyberdog_blue/foot4"},{"predicate":{"custom_model_data":283},"model":"modelengine:cyberdog_blue/elbow4"},{"predicate":{"custom_model_data":284},"model":"modelengine:cyberdog_blue/r_leg"},{"predicate":{"custom_model_data":285},"model":"modelengine:cyberdog_blue/foot3"},{"predicate":{"custom_model_data":286},"model":"modelengine:cyberdog_blue/elbow3"},{"predicate":{"custom_model_data":287},"model":"modelengine:cyberdog_blue/r_arm"},{"predicate":{"custom_model_data":288},"model":"modelengine:cyberdog_blue/tail2"},{"predicate":{"custom_model_data":289},"model":"modelengine:cyberdog_blue/tail"},{"predicate":{"custom_model_data":290},"model":"modelengine:cyberdog_blue/mouth_top"},{"predicate":{"custom_model_data":291},"model":"modelengine:cyberdog_blue/mouth_bottom"},{"predicate":{"custom_model_data":292},"model":"modelengine:cyberdog_blue/ear"},{"predicate":{"custom_model_data":293},"model":"modelengine:cyberdog_blue/ear2"},{"predicate":{"custom_model_data":294},"model":"modelengine:cyberdog_blue/head"},{"predicate":{"custom_model_data":295},"model":"modelengine:cyberdog_blue/body"},{"predicate":{"custom_model_data":296},"model":"modelengine:cyberdog_gold/foot"},{"predicate":{"custom_model_data":297},"model":"modelengine:cyberdog_gold/elbow"},{"predicate":{"custom_model_data":298},"model":"modelengine:cyberdog_gold/l_arm"},{"predicate":{"custom_model_data":299},"model":"modelengine:cyberdog_gold/foot2"},{"predicate":{"custom_model_data":300},"model":"modelengine:cyberdog_gold/elbow2"},{"predicate":{"custom_model_data":301},"model":"modelengine:cyberdog_gold/l_leg"},{"predicate":{"custom_model_data":302},"model":"modelengine:cyberdog_gold/foot4"},{"predicate":{"custom_model_data":303},"model":"modelengine:cyberdog_gold/elbow4"},{"predicate":{"custom_model_data":304},"model":"modelengine:cyberdog_gold/r_leg"},{"predicate":{"custom_model_data":305},"model":"modelengine:cyberdog_gold/foot3"},{"predicate":{"custom_model_data":306},"model":"modelengine:cyberdog_gold/elbow3"},{"predicate":{"custom_model_data":307},"model":"modelengine:cyberdog_gold/r_arm"},{"predicate":{"custom_model_data":308},"model":"modelengine:cyberdog_gold/tail2"},{"predicate":{"custom_model_data":309},"model":"modelengine:cyberdog_gold/tail"},{"predicate":{"custom_model_data":310},"model":"modelengine:cyberdog_gold/mouth_top"},{"predicate":{"custom_model_data":311},"model":"modelengine:cyberdog_gold/mouth_bottom"},{"predicate":{"custom_model_data":312},"model":"modelengine:cyberdog_gold/ear"},{"predicate":{"custom_model_data":313},"model":"modelengine:cyberdog_gold/ear2"},{"predicate":{"custom_model_data":314},"model":"modelengine:cyberdog_gold/head"},{"predicate":{"custom_model_data":315},"model":"modelengine:cyberdog_gold/body"},{"predicate":{"custom_model_data":316},"model":"modelengine:cyberdog_green/foot"},{"predicate":{"custom_model_data":317},"model":"modelengine:cyberdog_green/elbow"},{"predicate":{"custom_model_data":318},"model":"modelengine:cyberdog_green/l_arm"},{"predicate":{"custom_model_data":319},"model":"modelengine:cyberdog_green/foot2"},{"predicate":{"custom_model_data":320},"model":"modelengine:cyberdog_green/elbow2"},{"predicate":{"custom_model_data":321},"model":"modelengine:cyberdog_green/l_leg"},{"predicate":{"custom_model_data":322},"model":"modelengine:cyberdog_green/foot4"},{"predicate":{"custom_model_data":323},"model":"modelengine:cyberdog_green/elbow4"},{"predicate":{"custom_model_data":324},"model":"modelengine:cyberdog_green/r_leg"},{"predicate":{"custom_model_data":325},"model":"modelengine:cyberdog_green/foot3"},{"predicate":{"custom_model_data":326},"model":"modelengine:cyberdog_green/elbow3"},{"predicate":{"custom_model_data":327},"model":"modelengine:cyberdog_green/r_arm"},{"predicate":{"custom_model_data":328},"model":"modelengine:cyberdog_green/tail2"},{"predicate":{"custom_model_data":329},"model":"modelengine:cyberdog_green/tail"},{"predicate":{"custom_model_data":330},"model":"modelengine:cyberdog_green/mouth_top"},{"predicate":{"custom_model_data":331},"model":"modelengine:cyberdog_green/mouth_bottom"},{"predicate":{"custom_model_data":332},"model":"modelengine:cyberdog_green/ear"},{"predicate":{"custom_model_data":333},"model":"modelengine:cyberdog_green/ear2"},{"predicate":{"custom_model_data":334},"model":"modelengine:cyberdog_green/head"},{"predicate":{"custom_model_data":335},"model":"modelengine:cyberdog_green/body"},{"predicate":{"custom_model_data":336},"model":"modelengine:cyberdog_pink/foot"},{"predicate":{"custom_model_data":337},"model":"modelengine:cyberdog_pink/elbow"},{"predicate":{"custom_model_data":338},"model":"modelengine:cyberdog_pink/l_arm"},{"predicate":{"custom_model_data":339},"model":"modelengine:cyberdog_pink/foot2"},{"predicate":{"custom_model_data":340},"model":"modelengine:cyberdog_pink/elbow2"},{"predicate":{"custom_model_data":341},"model":"modelengine:cyberdog_pink/l_leg"},{"predicate":{"custom_model_data":342},"model":"modelengine:cyberdog_pink/foot4"},{"predicate":{"custom_model_data":343},"model":"modelengine:cyberdog_pink/elbow4"},{"predicate":{"custom_model_data":344},"model":"modelengine:cyberdog_pink/r_leg"},{"predicate":{"custom_model_data":345},"model":"modelengine:cyberdog_pink/foot3"},{"predicate":{"custom_model_data":346},"model":"modelengine:cyberdog_pink/elbow3"},{"predicate":{"custom_model_data":347},"model":"modelengine:cyberdog_pink/r_arm"},{"predicate":{"custom_model_data":348},"model":"modelengine:cyberdog_pink/tail2"},{"predicate":{"custom_model_data":349},"model":"modelengine:cyberdog_pink/tail"},{"predicate":{"custom_model_data":350},"model":"modelengine:cyberdog_pink/mouth_top"},{"predicate":{"custom_model_data":351},"model":"modelengine:cyberdog_pink/mouth_bottom"},{"predicate":{"custom_model_data":352},"model":"modelengine:cyberdog_pink/ear"},{"predicate":{"custom_model_data":353},"model":"modelengine:cyberdog_pink/ear2"},{"predicate":{"custom_model_data":354},"model":"modelengine:cyberdog_pink/head"},{"predicate":{"custom_model_data":355},"model":"modelengine:cyberdog_pink/body"},{"predicate":{"custom_model_data":356},"model":"modelengine:cyberdog_purple/foot"},{"predicate":{"custom_model_data":357},"model":"modelengine:cyberdog_purple/elbow"},{"predicate":{"custom_model_data":358},"model":"modelengine:cyberdog_purple/l_arm"},{"predicate":{"custom_model_data":359},"model":"modelengine:cyberdog_purple/foot2"},{"predicate":{"custom_model_data":360},"model":"modelengine:cyberdog_purple/elbow2"},{"predicate":{"custom_model_data":361},"model":"modelengine:cyberdog_purple/l_leg"},{"predicate":{"custom_model_data":362},"model":"modelengine:cyberdog_purple/foot4"},{"predicate":{"custom_model_data":363},"model":"modelengine:cyberdog_purple/elbow4"},{"predicate":{"custom_model_data":364},"model":"modelengine:cyberdog_purple/r_leg"},{"predicate":{"custom_model_data":365},"model":"modelengine:cyberdog_purple/foot3"},{"predicate":{"custom_model_data":366},"model":"modelengine:cyberdog_purple/elbow3"},{"predicate":{"custom_model_data":367},"model":"modelengine:cyberdog_purple/r_arm"},{"predicate":{"custom_model_data":368},"model":"modelengine:cyberdog_purple/tail2"},{"predicate":{"custom_model_data":369},"model":"modelengine:cyberdog_purple/tail"},{"predicate":{"custom_model_data":370},"model":"modelengine:cyberdog_purple/mouth_top"},{"predicate":{"custom_model_data":371},"model":"modelengine:cyberdog_purple/mouth_bottom"},{"predicate":{"custom_model_data":372},"model":"modelengine:cyberdog_purple/ear"},{"predicate":{"custom_model_data":373},"model":"modelengine:cyberdog_purple/ear2"},{"predicate":{"custom_model_data":374},"model":"modelengine:cyberdog_purple/head"},{"predicate":{"custom_model_data":375},"model":"modelengine:cyberdog_purple/body"},{"predicate":{"custom_model_data":376},"model":"modelengine:cyberdog_red/foot"},{"predicate":{"custom_model_data":377},"model":"modelengine:cyberdog_red/elbow"},{"predicate":{"custom_model_data":378},"model":"modelengine:cyberdog_red/l_arm"},{"predicate":{"custom_model_data":379},"model":"modelengine:cyberdog_red/foot2"},{"predicate":{"custom_model_data":380},"model":"modelengine:cyberdog_red/elbow2"},{"predicate":{"custom_model_data":381},"model":"modelengine:cyberdog_red/l_leg"},{"predicate":{"custom_model_data":382},"model":"modelengine:cyberdog_red/foot4"},{"predicate":{"custom_model_data":383},"model":"modelengine:cyberdog_red/elbow4"},{"predicate":{"custom_model_data":384},"model":"modelengine:cyberdog_red/r_leg"},{"predicate":{"custom_model_data":385},"model":"modelengine:cyberdog_red/foot3"},{"predicate":{"custom_model_data":386},"model":"modelengine:cyberdog_red/elbow3"},{"predicate":{"custom_model_data":387},"model":"modelengine:cyberdog_red/r_arm"},{"predicate":{"custom_model_data":388},"model":"modelengine:cyberdog_red/tail2"},{"predicate":{"custom_model_data":389},"model":"modelengine:cyberdog_red/tail"},{"predicate":{"custom_model_data":390},"model":"modelengine:cyberdog_red/mouth_top"},{"predicate":{"custom_model_data":391},"model":"modelengine:cyberdog_red/mouth_bottom"},{"predicate":{"custom_model_data":392},"model":"modelengine:cyberdog_red/ear"},{"predicate":{"custom_model_data":393},"model":"modelengine:cyberdog_red/ear2"},{"predicate":{"custom_model_data":394},"model":"modelengine:cyberdog_red/head"},{"predicate":{"custom_model_data":395},"model":"modelengine:cyberdog_red/body"},{"predicate":{"custom_model_data":396},"model":"modelengine:cyberknight_blue/feather"},{"predicate":{"custom_model_data":397},"model":"modelengine:cyberknight_blue/head"},{"predicate":{"custom_model_data":398},"model":"modelengine:cyberknight_blue/l_arm"},{"predicate":{"custom_model_data":399},"model":"modelengine:cyberknight_blue/r_arm"},{"predicate":{"custom_model_data":400},"model":"modelengine:cyberknight_blue/l_leg"},{"predicate":{"custom_model_data":401},"model":"modelengine:cyberknight_blue/r_leg"},{"predicate":{"custom_model_data":402},"model":"modelengine:cyberknight_blue/body"},{"predicate":{"custom_model_data":403},"model":"modelengine:cyberknight_gold/feather"},{"predicate":{"custom_model_data":404},"model":"modelengine:cyberknight_gold/head"},{"predicate":{"custom_model_data":405},"model":"modelengine:cyberknight_gold/l_arm"},{"predicate":{"custom_model_data":406},"model":"modelengine:cyberknight_gold/r_arm"},{"predicate":{"custom_model_data":407},"model":"modelengine:cyberknight_gold/l_leg"},{"predicate":{"custom_model_data":408},"model":"modelengine:cyberknight_gold/r_leg"},{"predicate":{"custom_model_data":409},"model":"modelengine:cyberknight_gold/body"},{"predicate":{"custom_model_data":410},"model":"modelengine:cyberknight_green/feather"},{"predicate":{"custom_model_data":411},"model":"modelengine:cyberknight_green/head"},{"predicate":{"custom_model_data":412},"model":"modelengine:cyberknight_green/l_arm"},{"predicate":{"custom_model_data":413},"model":"modelengine:cyberknight_green/r_arm"},{"predicate":{"custom_model_data":414},"model":"modelengine:cyberknight_green/l_leg"},{"predicate":{"custom_model_data":415},"model":"modelengine:cyberknight_green/r_leg"},{"predicate":{"custom_model_data":416},"model":"modelengine:cyberknight_green/body"},{"predicate":{"custom_model_data":417},"model":"modelengine:cyberknight_pink/feather"},{"predicate":{"custom_model_data":418},"model":"modelengine:cyberknight_pink/head"},{"predicate":{"custom_model_data":419},"model":"modelengine:cyberknight_pink/l_arm"},{"predicate":{"custom_model_data":420},"model":"modelengine:cyberknight_pink/r_arm"},{"predicate":{"custom_model_data":421},"model":"modelengine:cyberknight_pink/l_leg"},{"predicate":{"custom_model_data":422},"model":"modelengine:cyberknight_pink/r_leg"},{"predicate":{"custom_model_data":423},"model":"modelengine:cyberknight_pink/body"},{"predicate":{"custom_model_data":424},"model":"modelengine:cyberknight_purple/feather"},{"predicate":{"custom_model_data":425},"model":"modelengine:cyberknight_purple/head"},{"predicate":{"custom_model_data":426},"model":"modelengine:cyberknight_purple/l_arm"},{"predicate":{"custom_model_data":427},"model":"modelengine:cyberknight_purple/r_arm"},{"predicate":{"custom_model_data":428},"model":"modelengine:cyberknight_purple/l_leg"},{"predicate":{"custom_model_data":429},"model":"modelengine:cyberknight_purple/r_leg"},{"predicate":{"custom_model_data":430},"model":"modelengine:cyberknight_purple/body"},{"predicate":{"custom_model_data":431},"model":"modelengine:cyberknight_red/feather"},{"predicate":{"custom_model_data":432},"model":"modelengine:cyberknight_red/head"},{"predicate":{"custom_model_data":433},"model":"modelengine:cyberknight_red/l_arm"},{"predicate":{"custom_model_data":434},"model":"modelengine:cyberknight_red/r_arm"},{"predicate":{"custom_model_data":435},"model":"modelengine:cyberknight_red/l_leg"},{"predicate":{"custom_model_data":436},"model":"modelengine:cyberknight_red/r_leg"},{"predicate":{"custom_model_data":437},"model":"modelengine:cyberknight_red/body"},{"predicate":{"custom_model_data":438},"model":"modelengine:horse_glacial/left_wrist"},{"predicate":{"custom_model_data":439},"model":"modelengine:horse_glacial/left_arm"},{"predicate":{"custom_model_data":440},"model":"modelengine:horse_glacial/right_wrist"},{"predicate":{"custom_model_data":441},"model":"modelengine:horse_glacial/right_arm"},{"predicate":{"custom_model_data":442},"model":"modelengine:horse_glacial/head"},{"predicate":{"custom_model_data":443},"model":"modelengine:horse_glacial/neck"},{"predicate":{"custom_model_data":444},"model":"modelengine:horse_glacial/chest"},{"predicate":{"custom_model_data":445},"model":"modelengine:horse_glacial/tail_end"},{"predicate":{"custom_model_data":446},"model":"modelengine:horse_glacial/tail_mid"},{"predicate":{"custom_model_data":447},"model":"modelengine:horse_glacial/tail"},{"predicate":{"custom_model_data":448},"model":"modelengine:horse_glacial/upper_body"},{"predicate":{"custom_model_data":449},"model":"modelengine:horse_glacial/left_ankle"},{"predicate":{"custom_model_data":450},"model":"modelengine:horse_glacial/left_leg"},{"predicate":{"custom_model_data":451},"model":"modelengine:horse_glacial/left_thigh"},{"predicate":{"custom_model_data":452},"model":"modelengine:horse_glacial/right_ankle"},{"predicate":{"custom_model_data":453},"model":"modelengine:horse_glacial/right_leg"},{"predicate":{"custom_model_data":454},"model":"modelengine:horse_glacial/right_thigh"},{"predicate":{"custom_model_data":455},"model":"modelengine:horse_magma/left_wrist"},{"predicate":{"custom_model_data":456},"model":"modelengine:horse_magma/left_arm"},{"predicate":{"custom_model_data":457},"model":"modelengine:horse_magma/right_wrist"},{"predicate":{"custom_model_data":458},"model":"modelengine:horse_magma/right_arm"},{"predicate":{"custom_model_data":459},"model":"modelengine:horse_magma/head"},{"predicate":{"custom_model_data":460},"model":"modelengine:horse_magma/neck"},{"predicate":{"custom_model_data":461},"model":"modelengine:horse_magma/chest"},{"predicate":{"custom_model_data":462},"model":"modelengine:horse_magma/tail_end"},{"predicate":{"custom_model_data":463},"model":"modelengine:horse_magma/tail_mid"},{"predicate":{"custom_model_data":464},"model":"modelengine:horse_magma/tail"},{"predicate":{"custom_model_data":465},"model":"modelengine:horse_magma/upper_body"},{"predicate":{"custom_model_data":466},"model":"modelengine:horse_magma/left_ankle"},{"predicate":{"custom_model_data":467},"model":"modelengine:horse_magma/left_leg"},{"predicate":{"custom_model_data":468},"model":"modelengine:horse_magma/left_thigh"},{"predicate":{"custom_model_data":469},"model":"modelengine:horse_magma/right_ankle"},{"predicate":{"custom_model_data":470},"model":"modelengine:horse_magma/right_leg"},{"predicate":{"custom_model_data":471},"model":"modelengine:horse_magma/right_thigh"},{"predicate":{"custom_model_data":472},"model":"modelengine:horse_pegasus/left_wrist"},{"predicate":{"custom_model_data":473},"model":"modelengine:horse_pegasus/left_arm"},{"predicate":{"custom_model_data":474},"model":"modelengine:horse_pegasus/right_wrist"},{"predicate":{"custom_model_data":475},"model":"modelengine:horse_pegasus/right_arm"},{"predicate":{"custom_model_data":476},"model":"modelengine:horse_pegasus/head"},{"predicate":{"custom_model_data":477},"model":"modelengine:horse_pegasus/neck"},{"predicate":{"custom_model_data":478},"model":"modelengine:horse_pegasus/left_wing_end"},{"predicate":{"custom_model_data":479},"model":"modelengine:horse_pegasus/left_wing_mid"},{"predicate":{"custom_model_data":480},"model":"modelengine:horse_pegasus/left_wing"},{"predicate":{"custom_model_data":481},"model":"modelengine:horse_pegasus/right_wing_end"},{"predicate":{"custom_model_data":482},"model":"modelengine:horse_pegasus/right_wing_mid"},{"predicate":{"custom_model_data":483},"model":"modelengine:horse_pegasus/right_wing"},{"predicate":{"custom_model_data":484},"model":"modelengine:horse_pegasus/chest"},{"predicate":{"custom_model_data":485},"model":"modelengine:horse_pegasus/tail_end"},{"predicate":{"custom_model_data":486},"model":"modelengine:horse_pegasus/tail_mid"},{"predicate":{"custom_model_data":487},"model":"modelengine:horse_pegasus/tail"},{"predicate":{"custom_model_data":488},"model":"modelengine:horse_pegasus/upper_body"},{"predicate":{"custom_model_data":489},"model":"modelengine:horse_pegasus/left_ankle"},{"predicate":{"custom_model_data":490},"model":"modelengine:horse_pegasus/left_leg"},{"predicate":{"custom_model_data":491},"model":"modelengine:horse_pegasus/left_thigh"},{"predicate":{"custom_model_data":492},"model":"modelengine:horse_pegasus/right_ankle"},{"predicate":{"custom_model_data":493},"model":"modelengine:horse_pegasus/right_leg"},{"predicate":{"custom_model_data":494},"model":"modelengine:horse_pegasus/right_thigh"},{"predicate":{"custom_model_data":495},"model":"modelengine:horse_spartan/left_wrist"},{"predicate":{"custom_model_data":496},"model":"modelengine:horse_spartan/left_arm"},{"predicate":{"custom_model_data":497},"model":"modelengine:horse_spartan/right_wrist"},{"predicate":{"custom_model_data":498},"model":"modelengine:horse_spartan/right_arm"},{"predicate":{"custom_model_data":499},"model":"modelengine:horse_spartan/head"},{"predicate":{"custom_model_data":500},"model":"modelengine:horse_spartan/neck"},{"predicate":{"custom_model_data":501},"model":"modelengine:horse_spartan/chest"},{"predicate":{"custom_model_data":502},"model":"modelengine:horse_spartan/tail_end"},{"predicate":{"custom_model_data":503},"model":"modelengine:horse_spartan/tail_mid"},{"predicate":{"custom_model_data":504},"model":"modelengine:horse_spartan/tail"},{"predicate":{"custom_model_data":505},"model":"modelengine:horse_spartan/upper_body"},{"predicate":{"custom_model_data":506},"model":"modelengine:horse_spartan/left_ankle"},{"predicate":{"custom_model_data":507},"model":"modelengine:horse_spartan/left_leg"},{"predicate":{"custom_model_data":508},"model":"modelengine:horse_spartan/left_thigh"},{"predicate":{"custom_model_data":509},"model":"modelengine:horse_spartan/right_ankle"},{"predicate":{"custom_model_data":510},"model":"modelengine:horse_spartan/right_leg"},{"predicate":{"custom_model_data":511},"model":"modelengine:horse_spartan/right_thigh"},{"predicate":{"custom_model_data":512},"model":"modelengine:horse_unicorn/left_wrist"},{"predicate":{"custom_model_data":513},"model":"modelengine:horse_unicorn/left_arm"},{"predicate":{"custom_model_data":514},"model":"modelengine:horse_unicorn/right_wrist"},{"predicate":{"custom_model_data":515},"model":"modelengine:horse_unicorn/right_arm"},{"predicate":{"custom_model_data":516},"model":"modelengine:horse_unicorn/head"},{"predicate":{"custom_model_data":517},"model":"modelengine:horse_unicorn/neck"},{"predicate":{"custom_model_data":518},"model":"modelengine:horse_unicorn/chest"},{"predicate":{"custom_model_data":519},"model":"modelengine:horse_unicorn/tail_end"},{"predicate":{"custom_model_data":520},"model":"modelengine:horse_unicorn/tail_mid"},{"predicate":{"custom_model_data":521},"model":"modelengine:horse_unicorn/tail"},{"predicate":{"custom_model_data":522},"model":"modelengine:horse_unicorn/upper_body"},{"predicate":{"custom_model_data":523},"model":"modelengine:horse_unicorn/left_ankle"},{"predicate":{"custom_model_data":524},"model":"modelengine:horse_unicorn/left_leg"},{"predicate":{"custom_model_data":525},"model":"modelengine:horse_unicorn/left_thigh"},{"predicate":{"custom_model_data":526},"model":"modelengine:horse_unicorn/right_ankle"},{"predicate":{"custom_model_data":527},"model":"modelengine:horse_unicorn/right_leg"},{"predicate":{"custom_model_data":528},"model":"modelengine:horse_unicorn/right_thigh"},{"predicate":{"custom_model_data":529},"model":"modelengine:kitsune_demonic/left_foot"},{"predicate":{"custom_model_data":530},"model":"modelengine:kitsune_demonic/left_ankle"},{"predicate":{"custom_model_data":531},"model":"modelengine:kitsune_demonic/left_leg"},{"predicate":{"custom_model_data":532},"model":"modelengine:kitsune_demonic/left_thigh"},{"predicate":{"custom_model_data":533},"model":"modelengine:kitsune_demonic/right_foot"},{"predicate":{"custom_model_data":534},"model":"modelengine:kitsune_demonic/right_ankle"},{"predicate":{"custom_model_data":535},"model":"modelengine:kitsune_demonic/right_leg"},{"predicate":{"custom_model_data":536},"model":"modelengine:kitsune_demonic/right_thigh"},{"predicate":{"custom_model_data":537},"model":"modelengine:kitsune_demonic/head"},{"predicate":{"custom_model_data":538},"model":"modelengine:kitsune_demonic/neck"},{"predicate":{"custom_model_data":539},"model":"modelengine:kitsune_demonic/left_hand"},{"predicate":{"custom_model_data":540},"model":"modelengine:kitsune_demonic/left_wrist"},{"predicate":{"custom_model_data":541},"model":"modelengine:kitsune_demonic/left_arm"},{"predicate":{"custom_model_data":542},"model":"modelengine:kitsune_demonic/right_hand"},{"predicate":{"custom_model_data":543},"model":"modelengine:kitsune_demonic/right_wrist"},{"predicate":{"custom_model_data":544},"model":"modelengine:kitsune_demonic/right_arm"},{"predicate":{"custom_model_data":545},"model":"modelengine:kitsune_demonic/chest"},{"predicate":{"custom_model_data":546},"model":"modelengine:kitsune_demonic/tail_mid_end"},{"predicate":{"custom_model_data":547},"model":"modelengine:kitsune_demonic/tail_mid_mid"},{"predicate":{"custom_model_data":548},"model":"modelengine:kitsune_demonic/tail_mid"},{"predicate":{"custom_model_data":549},"model":"modelengine:kitsune_demonic/tail_left_end"},{"predicate":{"custom_model_data":550},"model":"modelengine:kitsune_demonic/tail_left_mid"},{"predicate":{"custom_model_data":551},"model":"modelengine:kitsune_demonic/tail_left"},{"predicate":{"custom_model_data":552},"model":"modelengine:kitsune_demonic/tail_right_end"},{"predicate":{"custom_model_data":553},"model":"modelengine:kitsune_demonic/tail_right_mid"},{"predicate":{"custom_model_data":554},"model":"modelengine:kitsune_demonic/tail_right"},{"predicate":{"custom_model_data":555},"model":"modelengine:kitsune_demonic/tail_last_left_end"},{"predicate":{"custom_model_data":556},"model":"modelengine:kitsune_demonic/tail_last_left_mid"},{"predicate":{"custom_model_data":557},"model":"modelengine:kitsune_demonic/tail_last_left"},{"predicate":{"custom_model_data":558},"model":"modelengine:kitsune_demonic/tail_last_right_end"},{"predicate":{"custom_model_data":559},"model":"modelengine:kitsune_demonic/tail_last_right_mid"},{"predicate":{"custom_model_data":560},"model":"modelengine:kitsune_demonic/tail_last_right"},{"predicate":{"custom_model_data":561},"model":"modelengine:kitsune_demonic/upper_body"},{"predicate":{"custom_model_data":562},"model":"modelengine:kitsune_inferno/left_foot"},{"predicate":{"custom_model_data":563},"model":"modelengine:kitsune_inferno/left_ankle"},{"predicate":{"custom_model_data":564},"model":"modelengine:kitsune_inferno/left_leg"},{"predicate":{"custom_model_data":565},"model":"modelengine:kitsune_inferno/left_thigh"},{"predicate":{"custom_model_data":566},"model":"modelengine:kitsune_inferno/right_foot"},{"predicate":{"custom_model_data":567},"model":"modelengine:kitsune_inferno/right_ankle"},{"predicate":{"custom_model_data":568},"model":"modelengine:kitsune_inferno/right_leg"},{"predicate":{"custom_model_data":569},"model":"modelengine:kitsune_inferno/right_thigh"},{"predicate":{"custom_model_data":570},"model":"modelengine:kitsune_inferno/head"},{"predicate":{"custom_model_data":571},"model":"modelengine:kitsune_inferno/neck"},{"predicate":{"custom_model_data":572},"model":"modelengine:kitsune_inferno/left_hand"},{"predicate":{"custom_model_data":573},"model":"modelengine:kitsune_inferno/left_wrist"},{"predicate":{"custom_model_data":574},"model":"modelengine:kitsune_inferno/left_arm"},{"predicate":{"custom_model_data":575},"model":"modelengine:kitsune_inferno/right_hand"},{"predicate":{"custom_model_data":576},"model":"modelengine:kitsune_inferno/right_wrist"},{"predicate":{"custom_model_data":577},"model":"modelengine:kitsune_inferno/right_arm"},{"predicate":{"custom_model_data":578},"model":"modelengine:kitsune_inferno/chest"},{"predicate":{"custom_model_data":579},"model":"modelengine:kitsune_inferno/tail_mid_end"},{"predicate":{"custom_model_data":580},"model":"modelengine:kitsune_inferno/tail_mid_mid"},{"predicate":{"custom_model_data":581},"model":"modelengine:kitsune_inferno/tail_mid"},{"predicate":{"custom_model_data":582},"model":"modelengine:kitsune_inferno/tail_left_end"},{"predicate":{"custom_model_data":583},"model":"modelengine:kitsune_inferno/tail_left_mid"},{"predicate":{"custom_model_data":584},"model":"modelengine:kitsune_inferno/tail_left"},{"predicate":{"custom_model_data":585},"model":"modelengine:kitsune_inferno/tail_right_end"},{"predicate":{"custom_model_data":586},"model":"modelengine:kitsune_inferno/tail_right_mid"},{"predicate":{"custom_model_data":587},"model":"modelengine:kitsune_inferno/tail_right"},{"predicate":{"custom_model_data":588},"model":"modelengine:kitsune_inferno/tail_last_left_end"},{"predicate":{"custom_model_data":589},"model":"modelengine:kitsune_inferno/tail_last_left_mid"},{"predicate":{"custom_model_data":590},"model":"modelengine:kitsune_inferno/tail_last_left"},{"predicate":{"custom_model_data":591},"model":"modelengine:kitsune_inferno/tail_last_right_end"},{"predicate":{"custom_model_data":592},"model":"modelengine:kitsune_inferno/tail_last_right_mid"},{"predicate":{"custom_model_data":593},"model":"modelengine:kitsune_inferno/tail_last_right"},{"predicate":{"custom_model_data":594},"model":"modelengine:kitsune_inferno/upper_body"},{"predicate":{"custom_model_data":595},"model":"modelengine:kitsune_normal/left_foot"},{"predicate":{"custom_model_data":596},"model":"modelengine:kitsune_normal/left_ankle"},{"predicate":{"custom_model_data":597},"model":"modelengine:kitsune_normal/left_leg"},{"predicate":{"custom_model_data":598},"model":"modelengine:kitsune_normal/left_thigh"},{"predicate":{"custom_model_data":599},"model":"modelengine:kitsune_normal/right_foot"},{"predicate":{"custom_model_data":600},"model":"modelengine:kitsune_normal/right_ankle"},{"predicate":{"custom_model_data":601},"model":"modelengine:kitsune_normal/right_leg"},{"predicate":{"custom_model_data":602},"model":"modelengine:kitsune_normal/right_thigh"},{"predicate":{"custom_model_data":603},"model":"modelengine:kitsune_normal/head"},{"predicate":{"custom_model_data":604},"model":"modelengine:kitsune_normal/neck"},{"predicate":{"custom_model_data":605},"model":"modelengine:kitsune_normal/left_hand"},{"predicate":{"custom_model_data":606},"model":"modelengine:kitsune_normal/left_wrist"},{"predicate":{"custom_model_data":607},"model":"modelengine:kitsune_normal/left_arm"},{"predicate":{"custom_model_data":608},"model":"modelengine:kitsune_normal/right_hand"},{"predicate":{"custom_model_data":609},"model":"modelengine:kitsune_normal/right_wrist"},{"predicate":{"custom_model_data":610},"model":"modelengine:kitsune_normal/right_arm"},{"predicate":{"custom_model_data":611},"model":"modelengine:kitsune_normal/chest"},{"predicate":{"custom_model_data":612},"model":"modelengine:kitsune_normal/tail_mid_end"},{"predicate":{"custom_model_data":613},"model":"modelengine:kitsune_normal/tail_mid_mid"},{"predicate":{"custom_model_data":614},"model":"modelengine:kitsune_normal/tail_mid"},{"predicate":{"custom_model_data":615},"model":"modelengine:kitsune_normal/tail_left_end"},{"predicate":{"custom_model_data":616},"model":"modelengine:kitsune_normal/tail_left_mid"},{"predicate":{"custom_model_data":617},"model":"modelengine:kitsune_normal/tail_left"},{"predicate":{"custom_model_data":618},"model":"modelengine:kitsune_normal/tail_right_end"},{"predicate":{"custom_model_data":619},"model":"modelengine:kitsune_normal/tail_right_mid"},{"predicate":{"custom_model_data":620},"model":"modelengine:kitsune_normal/tail_right"},{"predicate":{"custom_model_data":621},"model":"modelengine:kitsune_normal/tail_last_left_end"},{"predicate":{"custom_model_data":622},"model":"modelengine:kitsune_normal/tail_last_left_mid"},{"predicate":{"custom_model_data":623},"model":"modelengine:kitsune_normal/tail_last_left"},{"predicate":{"custom_model_data":624},"model":"modelengine:kitsune_normal/tail_last_right_end"},{"predicate":{"custom_model_data":625},"model":"modelengine:kitsune_normal/tail_last_right_mid"},{"predicate":{"custom_model_data":626},"model":"modelengine:kitsune_normal/tail_last_right"},{"predicate":{"custom_model_data":627},"model":"modelengine:kitsune_normal/upper_body"},{"predicate":{"custom_model_data":628},"model":"modelengine:lr_acolyte/right_forearm"},{"predicate":{"custom_model_data":629},"model":"modelengine:lr_acolyte/right_arm"},{"predicate":{"custom_model_data":630},"model":"modelengine:lr_acolyte/incense"},{"predicate":{"custom_model_data":631},"model":"modelengine:lr_acolyte/left_forearm"},{"predicate":{"custom_model_data":632},"model":"modelengine:lr_acolyte/left_arm"},{"predicate":{"custom_model_data":633},"model":"modelengine:lr_acolyte/head"},{"predicate":{"custom_model_data":634},"model":"modelengine:lr_acolyte/front_tabard2"},{"predicate":{"custom_model_data":635},"model":"modelengine:lr_acolyte/front_tabard1"},{"predicate":{"custom_model_data":636},"model":"modelengine:lr_acolyte/right_tabard"},{"predicate":{"custom_model_data":637},"model":"modelengine:lr_acolyte/right_foot"},{"predicate":{"custom_model_data":638},"model":"modelengine:lr_acolyte/right_leg"},{"predicate":{"custom_model_data":639},"model":"modelengine:lr_acolyte/left_foot"},{"predicate":{"custom_model_data":640},"model":"modelengine:lr_acolyte/left_leg"},{"predicate":{"custom_model_data":641},"model":"modelengine:lr_acolyte/torso"},{"predicate":{"custom_model_data":642},"model":"modelengine:lr_assassin/left_foot"},{"predicate":{"custom_model_data":643},"model":"modelengine:lr_assassin/left_leg"},{"predicate":{"custom_model_data":644},"model":"modelengine:lr_assassin/right_foot"},{"predicate":{"custom_model_data":645},"model":"modelengine:lr_assassin/right_leg"},{"predicate":{"custom_model_data":646},"model":"modelengine:lr_assassin/left_hand"},{"predicate":{"custom_model_data":647},"model":"modelengine:lr_assassin/left_arm"},{"predicate":{"custom_model_data":648},"model":"modelengine:lr_assassin/right_hand"},{"predicate":{"custom_model_data":649},"model":"modelengine:lr_assassin/right_arm"},{"predicate":{"custom_model_data":650},"model":"modelengine:lr_assassin/braid2"},{"predicate":{"custom_model_data":651},"model":"modelengine:lr_assassin/braid1"},{"predicate":{"custom_model_data":652},"model":"modelengine:lr_assassin/head"},{"predicate":{"custom_model_data":653},"model":"modelengine:lr_assassin/cape3"},{"predicate":{"custom_model_data":654},"model":"modelengine:lr_assassin/cape2"},{"predicate":{"custom_model_data":655},"model":"modelengine:lr_assassin/cape1"},{"predicate":{"custom_model_data":656},"model":"modelengine:lr_assassin/torso"},{"predicate":{"custom_model_data":657},"model":"modelengine:lr_fortuneteller/head"},{"predicate":{"custom_model_data":658},"model":"modelengine:lr_fortuneteller/left_foot"},{"predicate":{"custom_model_data":659},"model":"modelengine:lr_fortuneteller/left_leg"},{"predicate":{"custom_model_data":660},"model":"modelengine:lr_fortuneteller/right_foot"},{"predicate":{"custom_model_data":661},"model":"modelengine:lr_fortuneteller/right_leg"},{"predicate":{"custom_model_data":662},"model":"modelengine:lr_fortuneteller/left_forearm"},{"predicate":{"custom_model_data":663},"model":"modelengine:lr_fortuneteller/left_arm"},{"predicate":{"custom_model_data":664},"model":"modelengine:lr_fortuneteller/right_forearm"},{"predicate":{"custom_model_data":665},"model":"modelengine:lr_fortuneteller/right_arm"},{"predicate":{"custom_model_data":666},"model":"modelengine:lr_fortuneteller/torso"},{"predicate":{"custom_model_data":667},"model":"modelengine:lr_fortuneteller/tassle1"},{"predicate":{"custom_model_data":668},"model":"modelengine:lr_fortuneteller/tassle2"},{"predicate":{"custom_model_data":669},"model":"modelengine:lr_fortuneteller/tassle3"},{"predicate":{"custom_model_data":670},"model":"modelengine:lr_fortuneteller/tassle4"},{"predicate":{"custom_model_data":671},"model":"modelengine:lr_fortuneteller/cushion"},{"predicate":{"custom_model_data":672},"model":"modelengine:lr_fortuneteller_ball/base"},{"predicate":{"custom_model_data":673},"model":"modelengine:lr_paladin/tabard_front"},{"predicate":{"custom_model_data":674},"model":"modelengine:lr_paladin/left_foot"},{"predicate":{"custom_model_data":675},"model":"modelengine:lr_paladin/left_leg"},{"predicate":{"custom_model_data":676},"model":"modelengine:lr_paladin/head"},{"predicate":{"custom_model_data":677},"model":"modelengine:lr_paladin/right_pauldron"},{"predicate":{"custom_model_data":678},"model":"modelengine:lr_paladin/hammer"},{"predicate":{"custom_model_data":679},"model":"modelengine:lr_paladin/right_hand"},{"predicate":{"custom_model_data":680},"model":"modelengine:lr_paladin/right_arm"},{"predicate":{"custom_model_data":681},"model":"modelengine:lr_paladin/cape3"},{"predicate":{"custom_model_data":682},"model":"modelengine:lr_paladin/cape2"},{"predicate":{"custom_model_data":683},"model":"modelengine:lr_paladin/cape1"},{"predicate":{"custom_model_data":684},"model":"modelengine:lr_paladin/shield"},{"predicate":{"custom_model_data":685},"model":"modelengine:lr_paladin/left_hand"},{"predicate":{"custom_model_data":686},"model":"modelengine:lr_paladin/left_arm"},{"predicate":{"custom_model_data":687},"model":"modelengine:lr_paladin/left_pauldron"},{"predicate":{"custom_model_data":688},"model":"modelengine:lr_paladin/right_foot"},{"predicate":{"custom_model_data":689},"model":"modelengine:lr_paladin/right_leg"},{"predicate":{"custom_model_data":690},"model":"modelengine:lr_paladin/torso"},{"predicate":{"custom_model_data":691},"model":"modelengine:lr_tinkerer/backpack"},{"predicate":{"custom_model_data":692},"model":"modelengine:lr_tinkerer/left_hand"},{"predicate":{"custom_model_data":693},"model":"modelengine:lr_tinkerer/left_arm"},{"predicate":{"custom_model_data":694},"model":"modelengine:lr_tinkerer/right_hand"},{"predicate":{"custom_model_data":695},"model":"modelengine:lr_tinkerer/right_arm"},{"predicate":{"custom_model_data":696},"model":"modelengine:lr_tinkerer/left_foot"},{"predicate":{"custom_model_data":697},"model":"modelengine:lr_tinkerer/left_leg"},{"predicate":{"custom_model_data":698},"model":"modelengine:lr_tinkerer/right_foot"},{"predicate":{"custom_model_data":699},"model":"modelengine:lr_tinkerer/right_leg"},{"predicate":{"custom_model_data":700},"model":"modelengine:lr_tinkerer/head"},{"predicate":{"custom_model_data":701},"model":"modelengine:lr_tinkerer/torso"},{"predicate":{"custom_model_data":702},"model":"modelengine:lr_tinkerer_robot/head"},{"predicate":{"custom_model_data":703},"model":"modelengine:lr_tinkerer_robot/leg1_2"},{"predicate":{"custom_model_data":704},"model":"modelengine:lr_tinkerer_robot/leg1_1"},{"predicate":{"custom_model_data":705},"model":"modelengine:lr_tinkerer_robot/leg1_4"},{"predicate":{"custom_model_data":706},"model":"modelengine:lr_tinkerer_robot/leg1_3"},{"predicate":{"custom_model_data":707},"model":"modelengine:lr_tinkerer_robot/leg1_6"},{"predicate":{"custom_model_data":708},"model":"modelengine:lr_tinkerer_robot/leg1_5"},{"predicate":{"custom_model_data":709},"model":"modelengine:lr_tinkerer_robot/leg1_8"},{"predicate":{"custom_model_data":710},"model":"modelengine:lr_tinkerer_robot/leg1_7"},{"predicate":{"custom_model_data":711},"model":"modelengine:lr_tinkerertable/base"},{"predicate":{"custom_model_data":712},"model":"modelengine:nocsy_cat1/tail_end"},{"predicate":{"custom_model_data":713},"model":"modelengine:nocsy_cat1/tail_half"},{"predicate":{"custom_model_data":714},"model":"modelengine:nocsy_cat1/tail"},{"predicate":{"custom_model_data":715},"model":"modelengine:nocsy_cat1/ears"},{"predicate":{"custom_model_data":716},"model":"modelengine:nocsy_cat1/head"},{"predicate":{"custom_model_data":717},"model":"modelengine:nocsy_cat1/ears2"},{"predicate":{"custom_model_data":718},"model":"modelengine:nocsy_cat1/head_eyes_closed"},{"predicate":{"custom_model_data":719},"model":"modelengine:nocsy_cat1/front_foot_left"},{"predicate":{"custom_model_data":720},"model":"modelengine:nocsy_cat1/front_leg_left"},{"predicate":{"custom_model_data":721},"model":"modelengine:nocsy_cat1/front_foot_right"},{"predicate":{"custom_model_data":722},"model":"modelengine:nocsy_cat1/front_leg_right"},{"predicate":{"custom_model_data":723},"model":"modelengine:nocsy_cat1/back_foot_left"},{"predicate":{"custom_model_data":724},"model":"modelengine:nocsy_cat1/back_leg_left"},{"predicate":{"custom_model_data":725},"model":"modelengine:nocsy_cat1/back_foot_right"},{"predicate":{"custom_model_data":726},"model":"modelengine:nocsy_cat1/back_leg_right"},{"predicate":{"custom_model_data":727},"model":"modelengine:nocsy_cat1/body"},{"predicate":{"custom_model_data":728},"model":"modelengine:nocsy_cat2/tail_end"},{"predicate":{"custom_model_data":729},"model":"modelengine:nocsy_cat2/tail_half"},{"predicate":{"custom_model_data":730},"model":"modelengine:nocsy_cat2/tail"},{"predicate":{"custom_model_data":731},"model":"modelengine:nocsy_cat2/ears"},{"predicate":{"custom_model_data":732},"model":"modelengine:nocsy_cat2/head"},{"predicate":{"custom_model_data":733},"model":"modelengine:nocsy_cat2/ears2"},{"predicate":{"custom_model_data":734},"model":"modelengine:nocsy_cat2/head_eyes_closed"},{"predicate":{"custom_model_data":735},"model":"modelengine:nocsy_cat2/front_foot_left"},{"predicate":{"custom_model_data":736},"model":"modelengine:nocsy_cat2/front_leg_left"},{"predicate":{"custom_model_data":737},"model":"modelengine:nocsy_cat2/front_foot_right"},{"predicate":{"custom_model_data":738},"model":"modelengine:nocsy_cat2/front_leg_right"},{"predicate":{"custom_model_data":739},"model":"modelengine:nocsy_cat2/back_foot_right"},{"predicate":{"custom_model_data":740},"model":"modelengine:nocsy_cat2/back_leg_right"},{"predicate":{"custom_model_data":741},"model":"modelengine:nocsy_cat2/back_foot_left"},{"predicate":{"custom_model_data":742},"model":"modelengine:nocsy_cat2/back_leg_left"},{"predicate":{"custom_model_data":743},"model":"modelengine:nocsy_cat2/body"},{"predicate":{"custom_model_data":744},"model":"modelengine:nocsy_cat3/tail_end"},{"predicate":{"custom_model_data":745},"model":"modelengine:nocsy_cat3/tail_half"},{"predicate":{"custom_model_data":746},"model":"modelengine:nocsy_cat3/tail"},{"predicate":{"custom_model_data":747},"model":"modelengine:nocsy_cat3/ears"},{"predicate":{"custom_model_data":748},"model":"modelengine:nocsy_cat3/head"},{"predicate":{"custom_model_data":749},"model":"modelengine:nocsy_cat3/ears2"},{"predicate":{"custom_model_data":750},"model":"modelengine:nocsy_cat3/head_eyes_closed"},{"predicate":{"custom_model_data":751},"model":"modelengine:nocsy_cat3/front_foot_left"},{"predicate":{"custom_model_data":752},"model":"modelengine:nocsy_cat3/front_leg_left"},{"predicate":{"custom_model_data":753},"model":"modelengine:nocsy_cat3/front_foot_right"},{"predicate":{"custom_model_data":754},"model":"modelengine:nocsy_cat3/front_leg_right"},{"predicate":{"custom_model_data":755},"model":"modelengine:nocsy_cat3/back_foot_left"},{"predicate":{"custom_model_data":756},"model":"modelengine:nocsy_cat3/back_leg_left"},{"predicate":{"custom_model_data":757},"model":"modelengine:nocsy_cat3/back_foot_right"},{"predicate":{"custom_model_data":758},"model":"modelengine:nocsy_cat3/back_leg_right"},{"predicate":{"custom_model_data":759},"model":"modelengine:nocsy_cat3/body"},{"predicate":{"custom_model_data":760},"model":"modelengine:nocsy_cat4/tail_end"},{"predicate":{"custom_model_data":761},"model":"modelengine:nocsy_cat4/tail_half"},{"predicate":{"custom_model_data":762},"model":"modelengine:nocsy_cat4/tail"},{"predicate":{"custom_model_data":763},"model":"modelengine:nocsy_cat4/ear_left"},{"predicate":{"custom_model_data":764},"model":"modelengine:nocsy_cat4/ear_right"},{"predicate":{"custom_model_data":765},"model":"modelengine:nocsy_cat4/head"},{"predicate":{"custom_model_data":766},"model":"modelengine:nocsy_cat4/ear_left2"},{"predicate":{"custom_model_data":767},"model":"modelengine:nocsy_cat4/ear_right2"},{"predicate":{"custom_model_data":768},"model":"modelengine:nocsy_cat4/head_eyes_closed"},{"predicate":{"custom_model_data":769},"model":"modelengine:nocsy_cat4/front_foot_left"},{"predicate":{"custom_model_data":770},"model":"modelengine:nocsy_cat4/front_leg_left"},{"predicate":{"custom_model_data":771},"model":"modelengine:nocsy_cat4/front_foot_right"},{"predicate":{"custom_model_data":772},"model":"modelengine:nocsy_cat4/front_leg_right"},{"predicate":{"custom_model_data":773},"model":"modelengine:nocsy_cat4/back_foot_right"},{"predicate":{"custom_model_data":774},"model":"modelengine:nocsy_cat4/back_leg_right"},{"predicate":{"custom_model_data":775},"model":"modelengine:nocsy_cat4/back_foot_left"},{"predicate":{"custom_model_data":776},"model":"modelengine:nocsy_cat4/back_leg_left"},{"predicate":{"custom_model_data":777},"model":"modelengine:nocsy_cat4/body"},{"predicate":{"custom_model_data":778},"model":"modelengine:nocsy_cat5/tail_end"},{"predicate":{"custom_model_data":779},"model":"modelengine:nocsy_cat5/tail_half"},{"predicate":{"custom_model_data":780},"model":"modelengine:nocsy_cat5/tail"},{"predicate":{"custom_model_data":781},"model":"modelengine:nocsy_cat5/ears"},{"predicate":{"custom_model_data":782},"model":"modelengine:nocsy_cat5/head"},{"predicate":{"custom_model_data":783},"model":"modelengine:nocsy_cat5/ears2"},{"predicate":{"custom_model_data":784},"model":"modelengine:nocsy_cat5/head_eyes_closed"},{"predicate":{"custom_model_data":785},"model":"modelengine:nocsy_cat5/front_foot_left"},{"predicate":{"custom_model_data":786},"model":"modelengine:nocsy_cat5/front_leg_left"},{"predicate":{"custom_model_data":787},"model":"modelengine:nocsy_cat5/front_foot_right"},{"predicate":{"custom_model_data":788},"model":"modelengine:nocsy_cat5/front_leg_right"},{"predicate":{"custom_model_data":789},"model":"modelengine:nocsy_cat5/back_foot_left"},{"predicate":{"custom_model_data":790},"model":"modelengine:nocsy_cat5/back_leg_left"},{"predicate":{"custom_model_data":791},"model":"modelengine:nocsy_cat5/back_foot_right"},{"predicate":{"custom_model_data":792},"model":"modelengine:nocsy_cat5/back_leg_right"},{"predicate":{"custom_model_data":793},"model":"modelengine:nocsy_cat5/body"},{"predicate":{"custom_model_data":794},"model":"modelengine:nocsy_cat6/tail_end"},{"predicate":{"custom_model_data":795},"model":"modelengine:nocsy_cat6/tail_half"},{"predicate":{"custom_model_data":796},"model":"modelengine:nocsy_cat6/tail"},{"predicate":{"custom_model_data":797},"model":"modelengine:nocsy_cat6/ears"},{"predicate":{"custom_model_data":798},"model":"modelengine:nocsy_cat6/head"},{"predicate":{"custom_model_data":799},"model":"modelengine:nocsy_cat6/ears2"},{"predicate":{"custom_model_data":800},"model":"modelengine:nocsy_cat6/head_eyes_closed"},{"predicate":{"custom_model_data":801},"model":"modelengine:nocsy_cat6/front_foot_left"},{"predicate":{"custom_model_data":802},"model":"modelengine:nocsy_cat6/front_leg_left"},{"predicate":{"custom_model_data":803},"model":"modelengine:nocsy_cat6/front_foot_right"},{"predicate":{"custom_model_data":804},"model":"modelengine:nocsy_cat6/front_leg_right"},{"predicate":{"custom_model_data":805},"model":"modelengine:nocsy_cat6/back_foot_left"},{"predicate":{"custom_model_data":806},"model":"modelengine:nocsy_cat6/back_leg_left"},{"predicate":{"custom_model_data":807},"model":"modelengine:nocsy_cat6/back_foot_right"},{"predicate":{"custom_model_data":808},"model":"modelengine:nocsy_cat6/back_leg_right"},{"predicate":{"custom_model_data":809},"model":"modelengine:nocsy_cat6/body"},{"predicate":{"custom_model_data":810},"model":"modelengine:nocsy_cat_fallen/tail_end"},{"predicate":{"custom_model_data":811},"model":"modelengine:nocsy_cat_fallen/tail_half"},{"predicate":{"custom_model_data":812},"model":"modelengine:nocsy_cat_fallen/tail"},{"predicate":{"custom_model_data":813},"model":"modelengine:nocsy_cat_fallen/ears"},{"predicate":{"custom_model_data":814},"model":"modelengine:nocsy_cat_fallen/head"},{"predicate":{"custom_model_data":815},"model":"modelengine:nocsy_cat_fallen/ears2"},{"predicate":{"custom_model_data":816},"model":"modelengine:nocsy_cat_fallen/head_eyes_closed"},{"predicate":{"custom_model_data":817},"model":"modelengine:nocsy_cat_fallen/front_foot_left"},{"predicate":{"custom_model_data":818},"model":"modelengine:nocsy_cat_fallen/front_leg_left"},{"predicate":{"custom_model_data":819},"model":"modelengine:nocsy_cat_fallen/front_foot_right"},{"predicate":{"custom_model_data":820},"model":"modelengine:nocsy_cat_fallen/front_leg_right"},{"predicate":{"custom_model_data":821},"model":"modelengine:nocsy_cat_fallen/back_foot_left"},{"predicate":{"custom_model_data":822},"model":"modelengine:nocsy_cat_fallen/back_leg_left"},{"predicate":{"custom_model_data":823},"model":"modelengine:nocsy_cat_fallen/back_foot_right"},{"predicate":{"custom_model_data":824},"model":"modelengine:nocsy_cat_fallen/back_leg_right"},{"predicate":{"custom_model_data":825},"model":"modelengine:nocsy_cat_fallen/body"},{"predicate":{"custom_model_data":826},"model":"modelengine:nocsy_thread_ball/thread_end"},{"predicate":{"custom_model_data":827},"model":"modelengine:nocsy_thread_ball/thread"},{"predicate":{"custom_model_data":828},"model":"modelengine:nocsy_thread_ball/body"},{"predicate":{"custom_model_data":829},"model":"modelengine:npcgreeting/head"},{"predicate":{"custom_model_data":830},"model":"modelengine:npcpackvol4_parts/empty"},{"predicate":{"custom_model_data":831},"model":"modelengine:npcpackvol4_parts/assassin_hand"},{"predicate":{"custom_model_data":832},"model":"modelengine:npcpackvol4_parts/assassin_hand_flip"},{"predicate":{"custom_model_data":833},"model":"modelengine:npcpackvol4_parts/assassin_katar"},{"predicate":{"custom_model_data":834},"model":"modelengine:pet_robolumberjack/right_leg"},{"predicate":{"custom_model_data":835},"model":"modelengine:pet_robolumberjack/left_arm"},{"predicate":{"custom_model_data":836},"model":"modelengine:pet_robolumberjack/right_arm"},{"predicate":{"custom_model_data":837},"model":"modelengine:pet_robolumberjack/head"},{"predicate":{"custom_model_data":838},"model":"modelengine:pet_robolumberjack/left_leg"},{"predicate":{"custom_model_data":839},"model":"modelengine:pet_robolumberjack/body"},{"predicate":{"custom_model_data":840},"model":"modelengine:phantom_ender/tail_end"},{"predicate":{"custom_model_data":841},"model":"modelengine:phantom_ender/tail_mid"},{"predicate":{"custom_model_data":842},"model":"modelengine:phantom_ender/tail"},{"predicate":{"custom_model_data":843},"model":"modelengine:phantom_ender/head"},{"predicate":{"custom_model_data":844},"model":"modelengine:phantom_ender/left_wing_end"},{"predicate":{"custom_model_data":845},"model":"modelengine:phantom_ender/left_wing"},{"predicate":{"custom_model_data":846},"model":"modelengine:phantom_ender/right_wing_end"},{"predicate":{"custom_model_data":847},"model":"modelengine:phantom_ender/right_wing"},{"predicate":{"custom_model_data":848},"model":"modelengine:phantom_ender/upper_body"},{"predicate":{"custom_model_data":849},"model":"modelengine:phantom_ghost/tail_end"},{"predicate":{"custom_model_data":850},"model":"modelengine:phantom_ghost/tail_mid"},{"predicate":{"custom_model_data":851},"model":"modelengine:phantom_ghost/tail"},{"predicate":{"custom_model_data":852},"model":"modelengine:phantom_ghost/head"},{"predicate":{"custom_model_data":853},"model":"modelengine:phantom_ghost/left_wing_end"},{"predicate":{"custom_model_data":854},"model":"modelengine:phantom_ghost/left_wing"},{"predicate":{"custom_model_data":855},"model":"modelengine:phantom_ghost/right_wing_end"},{"predicate":{"custom_model_data":856},"model":"modelengine:phantom_ghost/right_wing"},{"predicate":{"custom_model_data":857},"model":"modelengine:phantom_ghost/upper_body"},{"predicate":{"custom_model_data":858},"model":"modelengine:phoenix_darkflame/left_wing_end"},{"predicate":{"custom_model_data":859},"model":"modelengine:phoenix_darkflame/left_wing_mid"},{"predicate":{"custom_model_data":860},"model":"modelengine:phoenix_darkflame/left_wing"},{"predicate":{"custom_model_data":861},"model":"modelengine:phoenix_darkflame/right_wing_end"},{"predicate":{"custom_model_data":862},"model":"modelengine:phoenix_darkflame/right_wing_mid"},{"predicate":{"custom_model_data":863},"model":"modelengine:phoenix_darkflame/right_wing"},{"predicate":{"custom_model_data":864},"model":"modelengine:phoenix_darkflame/tail_mid_end"},{"predicate":{"custom_model_data":865},"model":"modelengine:phoenix_darkflame/tail_mid_mid"},{"predicate":{"custom_model_data":866},"model":"modelengine:phoenix_darkflame/tail_mid"},{"predicate":{"custom_model_data":867},"model":"modelengine:phoenix_darkflame/tail_left_end"},{"predicate":{"custom_model_data":868},"model":"modelengine:phoenix_darkflame/tail_left_mid"},{"predicate":{"custom_model_data":869},"model":"modelengine:phoenix_darkflame/tail_left"},{"predicate":{"custom_model_data":870},"model":"modelengine:phoenix_darkflame/tail_right_end"},{"predicate":{"custom_model_data":871},"model":"modelengine:phoenix_darkflame/tail_right_mid"},{"predicate":{"custom_model_data":872},"model":"modelengine:phoenix_darkflame/tail_right"},{"predicate":{"custom_model_data":873},"model":"modelengine:phoenix_darkflame/head"},{"predicate":{"custom_model_data":874},"model":"modelengine:phoenix_darkflame/upper_neck"},{"predicate":{"custom_model_data":875},"model":"modelengine:phoenix_darkflame/neck"},{"predicate":{"custom_model_data":876},"model":"modelengine:phoenix_darkflame/upper_body"},{"predicate":{"custom_model_data":877},"model":"modelengine:phoenix_darkflame/left_foot"},{"predicate":{"custom_model_data":878},"model":"modelengine:phoenix_darkflame/left_ankle"},{"predicate":{"custom_model_data":879},"model":"modelengine:phoenix_darkflame/left_leg"},{"predicate":{"custom_model_data":880},"model":"modelengine:phoenix_darkflame/right_foot"},{"predicate":{"custom_model_data":881},"model":"modelengine:phoenix_darkflame/right_ankle"},{"predicate":{"custom_model_data":882},"model":"modelengine:phoenix_darkflame/right_leg"},{"predicate":{"custom_model_data":883},"model":"modelengine:phoenix_flame/left_wing_end"},{"predicate":{"custom_model_data":884},"model":"modelengine:phoenix_flame/left_wing_mid"},{"predicate":{"custom_model_data":885},"model":"modelengine:phoenix_flame/left_wing"},{"predicate":{"custom_model_data":886},"model":"modelengine:phoenix_flame/right_wing_end"},{"predicate":{"custom_model_data":887},"model":"modelengine:phoenix_flame/right_wing_mid"},{"predicate":{"custom_model_data":888},"model":"modelengine:phoenix_flame/right_wing"},{"predicate":{"custom_model_data":889},"model":"modelengine:phoenix_flame/tail_mid_end"},{"predicate":{"custom_model_data":890},"model":"modelengine:phoenix_flame/tail_mid_mid"},{"predicate":{"custom_model_data":891},"model":"modelengine:phoenix_flame/tail_mid"},{"predicate":{"custom_model_data":892},"model":"modelengine:phoenix_flame/tail_left_end"},{"predicate":{"custom_model_data":893},"model":"modelengine:phoenix_flame/tail_left_mid"},{"predicate":{"custom_model_data":894},"model":"modelengine:phoenix_flame/tail_left"},{"predicate":{"custom_model_data":895},"model":"modelengine:phoenix_flame/tail_right_end"},{"predicate":{"custom_model_data":896},"model":"modelengine:phoenix_flame/tail_right_mid"},{"predicate":{"custom_model_data":897},"model":"modelengine:phoenix_flame/tail_right"},{"predicate":{"custom_model_data":898},"model":"modelengine:phoenix_flame/head"},{"predicate":{"custom_model_data":899},"model":"modelengine:phoenix_flame/upper_neck"},{"predicate":{"custom_model_data":900},"model":"modelengine:phoenix_flame/neck"},{"predicate":{"custom_model_data":901},"model":"modelengine:phoenix_flame/upper_body"},{"predicate":{"custom_model_data":902},"model":"modelengine:phoenix_flame/left_foot"},{"predicate":{"custom_model_data":903},"model":"modelengine:phoenix_flame/left_ankle"},{"predicate":{"custom_model_data":904},"model":"modelengine:phoenix_flame/left_leg"},{"predicate":{"custom_model_data":905},"model":"modelengine:phoenix_flame/right_foot"},{"predicate":{"custom_model_data":906},"model":"modelengine:phoenix_flame/right_ankle"},{"predicate":{"custom_model_data":907},"model":"modelengine:phoenix_flame/right_leg"},{"predicate":{"custom_model_data":908},"model":"modelengine:phoenix_light/left_wing_end"},{"predicate":{"custom_model_data":909},"model":"modelengine:phoenix_light/left_wing_mid"},{"predicate":{"custom_model_data":910},"model":"modelengine:phoenix_light/left_wing"},{"predicate":{"custom_model_data":911},"model":"modelengine:phoenix_light/right_wing_end"},{"predicate":{"custom_model_data":912},"model":"modelengine:phoenix_light/right_wing_mid"},{"predicate":{"custom_model_data":913},"model":"modelengine:phoenix_light/right_wing"},{"predicate":{"custom_model_data":914},"model":"modelengine:phoenix_light/tail_mid_end"},{"predicate":{"custom_model_data":915},"model":"modelengine:phoenix_light/tail_mid_mid"},{"predicate":{"custom_model_data":916},"model":"modelengine:phoenix_light/tail_mid"},{"predicate":{"custom_model_data":917},"model":"modelengine:phoenix_light/tail_left_end"},{"predicate":{"custom_model_data":918},"model":"modelengine:phoenix_light/tail_left_mid"},{"predicate":{"custom_model_data":919},"model":"modelengine:phoenix_light/tail_left"},{"predicate":{"custom_model_data":920},"model":"modelengine:phoenix_light/tail_right_end"},{"predicate":{"custom_model_data":921},"model":"modelengine:phoenix_light/tail_right_mid"},{"predicate":{"custom_model_data":922},"model":"modelengine:phoenix_light/tail_right"},{"predicate":{"custom_model_data":923},"model":"modelengine:phoenix_light/head"},{"predicate":{"custom_model_data":924},"model":"modelengine:phoenix_light/upper_neck"},{"predicate":{"custom_model_data":925},"model":"modelengine:phoenix_light/neck"},{"predicate":{"custom_model_data":926},"model":"modelengine:phoenix_light/upper_body"},{"predicate":{"custom_model_data":927},"model":"modelengine:phoenix_light/left_foot"},{"predicate":{"custom_model_data":928},"model":"modelengine:phoenix_light/left_ankle"},{"predicate":{"custom_model_data":929},"model":"modelengine:phoenix_light/left_leg"},{"predicate":{"custom_model_data":930},"model":"modelengine:phoenix_light/right_foot"},{"predicate":{"custom_model_data":931},"model":"modelengine:phoenix_light/right_ankle"},{"predicate":{"custom_model_data":932},"model":"modelengine:phoenix_light/right_leg"},{"predicate":{"custom_model_data":933},"model":"modelengine:phoenix_thunder/left_wing_end"},{"predicate":{"custom_model_data":934},"model":"modelengine:phoenix_thunder/left_wing_mid"},{"predicate":{"custom_model_data":935},"model":"modelengine:phoenix_thunder/left_wing"},{"predicate":{"custom_model_data":936},"model":"modelengine:phoenix_thunder/right_wing_end"},{"predicate":{"custom_model_data":937},"model":"modelengine:phoenix_thunder/right_wing_mid"},{"predicate":{"custom_model_data":938},"model":"modelengine:phoenix_thunder/right_wing"},{"predicate":{"custom_model_data":939},"model":"modelengine:phoenix_thunder/tail_mid_end"},{"predicate":{"custom_model_data":940},"model":"modelengine:phoenix_thunder/tail_mid_mid"},{"predicate":{"custom_model_data":941},"model":"modelengine:phoenix_thunder/tail_mid"},{"predicate":{"custom_model_data":942},"model":"modelengine:phoenix_thunder/tail_left_end"},{"predicate":{"custom_model_data":943},"model":"modelengine:phoenix_thunder/tail_left_mid"},{"predicate":{"custom_model_data":944},"model":"modelengine:phoenix_thunder/tail_left"},{"predicate":{"custom_model_data":945},"model":"modelengine:phoenix_thunder/tail_right_end"},{"predicate":{"custom_model_data":946},"model":"modelengine:phoenix_thunder/tail_right_mid"},{"predicate":{"custom_model_data":947},"model":"modelengine:phoenix_thunder/tail_right"},{"predicate":{"custom_model_data":948},"model":"modelengine:phoenix_thunder/head"},{"predicate":{"custom_model_data":949},"model":"modelengine:phoenix_thunder/upper_neck"},{"predicate":{"custom_model_data":950},"model":"modelengine:phoenix_thunder/neck"},{"predicate":{"custom_model_data":951},"model":"modelengine:phoenix_thunder/upper_body"},{"predicate":{"custom_model_data":952},"model":"modelengine:phoenix_thunder/left_foot"},{"predicate":{"custom_model_data":953},"model":"modelengine:phoenix_thunder/left_ankle"},{"predicate":{"custom_model_data":954},"model":"modelengine:phoenix_thunder/left_leg"},{"predicate":{"custom_model_data":955},"model":"modelengine:phoenix_thunder/right_foot"},{"predicate":{"custom_model_data":956},"model":"modelengine:phoenix_thunder/right_ankle"},{"predicate":{"custom_model_data":957},"model":"modelengine:phoenix_thunder/right_leg"}]}